feature_set,n_trees,max_depth_cfg,max_features,internal_nodes,leaves,max_depth,features_used,n_features_used,test_accuracy,test_f1,test_recall,test_precision,test_fpr,test_fp,test_fn,train_accuracy
no_payload,1,2,sqrt,3,4,2,"burst,bus_rate",2,0.9557678255145539,0.9224333565312113,0.9028219943198813,0.9429156446888599,0.02246780661324841,18456,32814,0.9502774108778193
no_payload,1,2,all,3,4,2,"dt_ratio_q6,bus_rate",2,0.9632433822127475,0.9374295982012386,0.9451681972582618,0.9298166901679272,0.029326477097591796,24090,18515,0.9566874958481112
no_payload,1,3,sqrt,7,8,3,"dt_id,dt_id_dev,burst,id_rate,bus_rate",5,0.9653398164627891,0.9402265365908817,0.9357477292851876,0.9447484242880891,0.022495806155516763,18479,21696,0.959596621893848
no_payload,1,3,all,7,8,3,"dt_id,dt_id_dev,dt_ratio_q6,bus_rate",4,0.9592825881214138,0.9255031332375736,0.8682082157378972,0.9908943726952859,0.003279598559606156,2694,44502,0.9572154866962698
no_payload,1,4,sqrt,13,14,4,"dt_id,dt_id_dev,dt_ratio_q6,dt_bus,burst,id_rate,bus_rate",7,0.9653398164627891,0.9402265365908817,0.9357477292851876,0.9447484242880891,0.022495806155516763,18479,21696,0.959596621893848
no_payload,1,4,all,14,15,4,"dt_id,dt_id_dev,dt_ratio_q6,dt_bus,id_rate,bus_rate",6,0.965560675379666,0.9412071395643741,0.9462787522692341,0.9361896000093757,0.026513131785323857,21779,18140,0.9634909857640899
no_payload,1,5,sqrt,22,23,5,"dt_id,dt_id_dev,dt_bus,burst,dlc,id_rate,bus_rate",7,0.9650300963410752,0.9377516639382277,0.9041872366133699,0.9739040564981483,0.009959315447712681,8181,32353,0.9611426343119857
no_payload,1,5,all,26,27,5,"dt_id,dt_id_dev,dt_ratio_q6,dt_bus,dlc,id_rate,bus_rate",7,0.968267059841551,0.943386701061711,0.9075810927269012,0.9821335290366207,0.006786845571568048,5575,31207,0.9668107713583944
no_payload,1,6,sqrt,35,36,6,"dt_id,dt_id_dev,dt_ratio_q6,dt_bus,burst,dlc,id_rate,bus_rate",8,0.967543229250693,0.9436052411853677,0.9320962244091107,0.9554020253041599,0.017885620652462377,14692,22929,0.9647013961561921
no_payload,1,6,all,48,49,6,"dt_id,dt_id_dev,dt_ratio_q6,dt_bus,dlc,id_rate,bus_rate",7,0.9709268568756573,0.9495083283764123,0.9383716005911115,0.9609125756638403,0.015690700012904138,12889,20810,0.9691875929052524
no_payload,1,8,sqrt,95,96,8,"dt_id,dt_id_dev,dt_ratio_q6,dt_bus,burst,dlc,id_rate,bus_rate",8,0.9678926349590332,0.9430986294500064,0.9133619017440155,0.9748368233899645,0.009691493739058874,7961,29255,0.9677580490565615
no_payload,1,8,all,142,143,8,"dt_id,dt_id_dev,dt_ratio_q6,dt_bus,dlc,id_rate,bus_rate",7,0.9700063238119558,0.9474088663393146,0.9273815482025297,0.9683202790412904,0.012471970023446573,10245,24521,0.9715704535631187
no_payload,3,2,sqrt,9,12,2,"dt_id,dt_ratio_q6,dt_bus,burst,id_rate,bus_rate",6,0.8821674541954998,0.7465159655911584,0.5956039790445673,0.9998558261163533,3.530377068618356e-05,29,136552,0.8768323309846943
no_payload,3,2,all,9,12,2,"dt_id,dt_ratio_q6,bus_rate",3,0.9632442449428916,0.9374300560139345,0.9451533898581155,0.9298319217557752,0.029319172869173966,24084,18520,0.9566883585782552
no_payload,3,3,sqrt,21,24,3,"dt_id,dt_id_dev,dt_ratio_q6,dt_bus,burst,id_rate,bus_rate",7,0.967387937824764,0.9426639910570327,0.92026215021219,0.9661836950438406,0.013240131378721808,10876,26925,0.9625135125108811
no_payload,3,3,all,21,24,3,"dt_id,dt_id_dev,dt_ratio_q6,bus_rate",4,0.9592791372008376,0.9254949377598601,0.8681786009376046,0.9909141611316736,0.003272294331188325,2688,44512,0.9572137612359817
no_payload,3,4,sqrt,38,41,4,"dt_id,dt_id_dev,dt_ratio_q6,dt_bus,burst,id_rate,bus_rate",7,0.9664950121256721,0.9409796203705111,0.9168357178183368,0.9664295235389788,0.013091612067559244,10754,28082,0.9617707018568541
no_payload,3,4,all,41,44,4,"dt_id,dt_id_dev,dt_ratio_q6,dt_bus,id_rate,bus_rate",6,0.9657021631232902,0.9413941283565147,0.9455857659423874,0.937239488546302,0.026028617966941062,21381,18374,0.9633512234807537
no_payload,3,5,sqrt,66,69,5,"dt_id,dt_id_dev,dt_ratio_q6,dt_bus,burst,dlc,id_rate,bus_rate",8,0.9128651181810887,0.8260769987136458,0.7103287538980481,0.9868911546152517,0.003878545289868305,3186,97813,0.9052661910722959
no_payload,3,5,all,77,80,5,"dt_id,dt_id_dev,dt_ratio_q6,dt_bus,dlc,id_rate,bus_rate",7,0.9683645483478286,0.9435120242410425,0.9069206826803764,0.9831801925015571,0.006377808780169507,5239,31430,0.9666891264080835
no_payload,3,6,sqrt,112,115,6,"dt_id,dt_id_dev,dt_ratio_q6,dt_bus,burst,dlc,id_rate,bus_rate",8,0.9682774126032796,0.9447944316994367,0.9318089608462725,0.9581469424794526,0.016731552562445066,13744,23026,0.9662991723829728
no_payload,3,6,all,142,145,6,"dt_id,dt_id_dev,dt_ratio_q6,dt_bus,dlc,id_rate,bus_rate",7,0.9710588545876969,0.9496966443436091,0.9377941119854059,0.9619051958506099,0.015267054764669934,12541,21005,0.9690970062401272
no_payload,3,8,sqrt,324,327,8,"dt_id,dt_id_dev,dt_ratio_q6,dt_bus,burst,dlc,id_rate,bus_rate",8,0.9701012241278014,0.9472835577513979,0.9221278826306235,0.9738502197132,0.010178442300247613,8361,26295,0.969147044588482
no_payload,3,8,all,431,434,8,"dt_id,dt_id_dev,dt_ratio_q6,dt_bus,dlc,id_rate,bus_rate",7,0.9702884365690603,0.9477516950091104,0.92502124861921,0.9716273890105515,0.011103644566506216,9121,25318,0.9716593147679558
no_payload,5,2,sqrt,15,20,2,"dt_id,dt_id_dev,dt_ratio_q6,dt_bus,burst,id_rate,bus_rate",7,0.8821674541954998,0.7465159655911584,0.5956039790445673,0.9998558261163533,3.530377068618356e-05,29,136552,0.8768314682545503
no_payload,5,2,all,15,20,2,"dt_id,dt_ratio_q6,bus_rate",3,0.9632416567524594,0.9374261095861843,0.9451563513381448,0.9298212901834878,0.02932404235478585,24088,18519,0.9566883585782552
no_payload,5,3,sqrt,34,39,3,"dt_id,dt_id_dev,dt_ratio_q6,dt_bus,burst,id_rate,bus_rate",7,0.966922063546977,0.9426543722283296,0.933242317180434,0.9522582087838368,0.01923325079555221,15799,22542,0.9616387041448144
no_payload,5,3,all,35,40,3,"dt_id,dt_id_dev,dt_ratio_q6,bus_rate",4,0.9592808626611257,0.9254992707458597,0.8681963698177801,0.9909009480995759,0.003277163816800212,2692,44506,0.9572163494264139
no_payload,5,4,sqrt,62,67,4,"dt_id,dt_id_dev,dt_ratio_q6,dt_bus,burst,id_rate,bus_rate",7,0.9664950121256721,0.9409796203705111,0.9168357178183368,0.9664295235389788,0.013091612067559244,10754,28082,0.9617681136664219
no_payload,5,4,all,67,72,4,"dt_id,dt_id_dev,dt_ratio_q6,dt_bus,id_rate,bus_rate",6,0.9657038885835783,0.9413979406063196,0.9456035348225629,0.937229589710173,0.02603348745255295,21385,18368,0.9633529489410418
no_payload,5,5,sqrt,108,113,5,"dt_id,dt_id_dev,dt_ratio_q6,dt_bus,burst,dlc,id_rate,bus_rate",8,0.913093741669262,0.8261462363958317,0.7088065531630088,0.9900433921133076,0.002930212966953236,2407,98327,0.9071434918657488
no_payload,5,5,all,126,131,5,"dt_id,dt_id_dev,dt_ratio_q6,dt_bus,dlc,id_rate,bus_rate",7,0.9684999969804445,0.9438045224800379,0.9080193917712316,0.982525964308489,0.006638326260405482,5453,31059,0.96686943700819
no_payload,5,6,sqrt,175,180,6,"dt_id,dt_id_dev,dt_ratio_q6,dt_bus,burst,dlc,id_rate,bus_rate",8,0.9687976388801418,0.9454097026944214,0.9274615081633197,0.9640662709944343,0.01421037638689037,11673,24494,0.9666373625994404
no_payload,5,6,all,234,239,6,"dt_id,dt_id_dev,dt_ratio_q6,dt_bus,dlc,id_rate,bus_rate",7,0.9710838737618744,0.9497593418963949,0.9382146421495606,0.9615916955017301,0.015404617733205752,12654,20863,0.9691565346200666
no_payload,5,8,sqrt,508,513,8,"dt_id,dt_id_dev,dt_ratio_q6,dt_bus,burst,dlc,id_rate,bus_rate",8,0.9711261475389329,0.9491653629418109,0.9253173966221359,0.9742751036011736,0.010043314074517739,8250,25218,0.9697854648950791
no_payload,5,8,all,718,723,8,"dt_id,dt_id_dev,dt_ratio_q6,dt_bus,dlc,id_rate,bus_rate",7,0.9702849856484841,0.9478081799460852,0.9261851102707089,0.9704650253520427,0.01158694101348604,9518,24925,0.971679157561269
no_payload,7,2,sqrt,21,28,2,"dt_id,dt_id_dev,dt_ratio_q6,dt_bus,burst,dlc,id_rate,bus_rate",8,0.8821674541954998,0.7465159655911584,0.5956039790445673,0.9998558261163533,3.530377068618356e-05,29,136552,0.8768331937148384
no_payload,7,2,all,21,28,2,"dt_id,dt_ratio_q6,bus_rate",3,0.9632442449428916,0.9374300560139345,0.9451533898581155,0.9298319217557752,0.029319172869173966,24084,18520,0.9566883585782552
no_payload,7,3,sqrt,46,53,3,"dt_id,dt_id_dev,dt_ratio_q6,dt_bus,burst,dlc,id_rate,bus_rate",8,0.9672076272246575,0.9423176731607973,0.9194566276442315,0.9663445227757287,0.013163436980334583,10813,27197,0.9624306904170524
no_payload,7,3,all,49,56,3,"dt_id,dt_id_dev,dt_ratio_q6,bus_rate",4,0.9592834508515578,0.9255036533911267,0.8681963698177801,0.9909109960385598,0.0032735117025912966,2689,44506,0.9572163494264139
no_payload,7,4,sqrt,90,97,4,"dt_id,dt_id_dev,dt_ratio_q6,dt_bus,burst,dlc,id_rate,bus_rate",8,0.967025591164263,0.9415726661397847,0.9120499660910537,0.9730705795370528,0.010375656467529052,8523,29698,0.9630673852633613
no_payload,7,4,all,95,102,4,"dt_id,dt_id_dev,dt_ratio_q6,dt_bus,id_rate,bus_rate",6,0.9657064767740104,0.9414019311564826,0.9456005733425337,0.9372404096500833,0.026028617966941062,21381,18369,0.9633538116711859
no_payload,7,5,sqrt,147,154,5,"dt_id,dt_id_dev,dt_ratio_q6,dt_bus,burst,dlc,id_rate,bus_rate",8,0.9163954099305416,0.8338246213309874,0.7200157550737557,0.9903662848483861,0.0028790833680284182,2365,94542,0.9101846156235253
no_payload,7,5,all,178,185,5,"dt_id,dt_id_dev,dt_ratio_q6,dt_bus,dlc,id_rate,bus_rate",7,0.9683067454281773,0.9435110606745581,0.908561342616586,0.9812571764863922,0.007133796421415024,5860,30876,0.966940180880002
no_payload,7,6,sqrt,251,258,6,"dt_id,dt_id_dev,dt_ratio_q6,dt_bus,burst,dlc,id_rate,bus_rate",8,0.9689235974811731,0.9455043881214362,0.9254151254631015,0.9664852158851911,0.013191436522602934,10836,25185,0.9662827805102359
no_payload,7,6,all,329,336,6,"dt_id,dt_id_dev,dt_ratio_q6,dt_bus,dlc,id_rate,bus_rate",7,0.9708388584009642,0.9493758284220852,0.9386174034335399,0.9603837389702318,0.01591591372245393,13074,20727,0.9692169257301501
no_payload,7,8,sqrt,661,668,8,"dt_id,dt_id_dev,dt_ratio_q6,dt_bus,burst,dlc,id_rate,bus_rate",8,0.9683110590788976,0.9438325267029077,0.913948274789809,0.9757371492889347,0.009342108146405955,7674,29057,0.9662957214623966
no_payload,7,8,all,1006,1013,8,"dt_id,dt_id_dev,dt_ratio_q6,dt_bus,dlc,id_rate,bus_rate",7,0.9707430953549746,0.948846666706891,0.9314387758426151,0.9669176307108667,0.013100133667380047,10761,23151,0.9717438623220727
no_payload,9,2,sqrt,27,36,2,"dt_id,dt_id_dev,dt_ratio_q6,dt_bus,burst,dlc,id_rate,bus_rate",8,0.8821717678462201,0.7465275973423406,0.5956187864447136,0.999855829700076,3.530377068618356e-05,29,136547,0.8768314682545503
no_payload,9,2,all,27,36,2,"dt_id,dt_ratio_q6,bus_rate",3,0.9632416567524594,0.9374259257899413,0.9451533898581155,0.929823794706849,0.02932282498338288,24087,18520,0.9566874958481112
no_payload,9,3,sqrt,60,69,3,"dt_id,dt_id_dev,dt_ratio_q6,dt_bus,burst,dlc,id_rate,bus_rate",8,0.966924651737409,0.9426591165393854,0.9332512016205219,0.952258641581729,0.01923325079555221,15799,22539,0.9616412923352465
no_payload,9,3,all,63,72,3,"dt_id,dt_id_dev,dt_ratio_q6,bus_rate",4,0.9592808626611257,0.9254992707458597,0.8681963698177801,0.9909009480995759,0.003277163816800212,2692,44506,0.9572154866962698
no_payload,9,4,sqrt,115,124,4,"dt_id,dt_id_dev,dt_ratio_q6,dt_bus,burst,dlc,id_rate,bus_rate",8,0.969078026176958,0.9457074302749013,0.9244585674136506,0.9679560923425169,0.012580316078311067,10334,25508,0.9650283708807871
no_payload,9,4,all,123,132,4,"dt_id,dt_id_dev,dt_ratio_q6,dt_bus,id_rate,bus_rate",6,0.9657038885835783,0.9413977678288443,0.9456005733425337,0.9372321564851886,0.02603227008114998,21384,18369,0.9633520862108979
no_payload,9,5,sqrt,192,201,5,"dt_id,dt_id_dev,dt_ratio_q6,dt_bus,burst,dlc,id_rate,bus_rate",8,0.9661956447656868,0.9397103920063147,0.9043323491348036,0.9779691523295884,0.008374297881043337,6879,32304,0.9644857136201797
no_payload,9,5,all,230,239,5,"dt_id,dt_id_dev,dt_ratio_q6,dt_bus,dlc,id_rate,bus_rate",7,0.9683041572377451,0.9435067081843693,0.908561342616586,0.9812477611176501,0.0071374485356239395,5863,30876,0.966939318149858
no_payload,9,6,sqrt,311,320,6,"dt_id,dt_id_dev,dt_ratio_q6,dt_bus,burst,dlc,id_rate,bus_rate",8,0.9682661971114069,0.9446460147026734,0.9294930834633917,0.9603011908112937,0.015795393953559715,12975,23808,0.9660334514986054
no_payload,9,6,all,424,433,6,"dt_id,dt_id_dev,dt_ratio_q6,dt_bus,dlc,id_rate,bus_rate",7,0.9710640309685612,0.9497291609835938,0.938264987310058,0.9614769495959238,0.015453312589324626,12694,20846,0.9692341803330311
no_payload,9,8,sqrt,823,832,8,"dt_id,dt_id_dev,dt_ratio_q6,dt_bus,burst,dlc,id_rate,bus_rate",8,0.9707698399894402,0.9486863766957001,0.9275236992439342,0.9708373113786561,0.011453030159159137,9408,24473,0.9691910438258285
no_payload,9,8,all,1297,1306,8,"dt_id,dt_id_dev,dt_ratio_q6,dt_bus,dlc,id_rate,bus_rate",7,0.9708725048765822,0.9490471044895051,0.9311633581998939,0.967631246095469,0.012804312416457887,10518,23244,0.9719543684772209
timing,1,2,sqrt,3,4,2,"dt_id_dev,dt_ratio_q6,id_rate",3,0.8821847087983808,0.7465568470536706,0.595645439764977,0.9998856597432813,2.7999542268352482e-05,23,136538,0.8768461346669991
timing,1,2,all,3,4,2,"dt_ratio_q6,bus_rate",2,0.9632433822127475,0.9374295982012386,0.9451681972582618,0.9298166901679272,0.029326477097591796,24090,18515,0.9566874958481112
timing,1,3,sqrt,6,7,3,"dt_ratio_q6,dt_bus,id_rate",3,0.8821493368624748,0.7465000445381395,0.595645439764977,0.9996819006436541,7.791176979019821e-05,64,136538,0.8768159391119573
timing,1,3,all,7,8,3,"dt_id,dt_id_dev,dt_ratio_q6,bus_rate",4,0.9592825881214138,0.9255031332375736,0.8682082157378972,0.9908943726952859,0.003279598559606156,2694,44502,0.9572154866962698
timing,1,4,sqrt,8,9,4,"dt_id,dt_ratio_q6,dt_bus,pl_popcount,id_rate",5,0.8821898851792451,0.7465651603420085,0.595645439764977,0.9999154851154374,2.06953138505214e-05,17,136538,0.8768495855875753
timing,1,4,all,14,15,4,"dt_id,dt_id_dev,dt_ratio_q6,hd_dev,dt_bus,id_rate,bus_rate",7,0.965559812649522,0.9412055801677821,0.9462757907892048,0.9361894130504209,0.026513131785323857,21779,18141,0.9634892603038018
timing,1,5,sqrt,16,17,5,"dt_id,dt_ratio_q6,hd,dt_bus,burst,pl_popcount,id_rate",7,0.882189022449101,0.7465628340658036,0.5956424782849477,0.9999154846952726,2.06953138505214e-05,17,136539,0.8768530365081515
timing,1,5,all,26,27,5,"dt_id,dt_id_dev,dt_ratio_q6,hd_dev,dt_bus,dlc,id_rate,bus_rate",8,0.9682653343812628,0.9433834484626845,0.9075751697668427,0.9821334145208069,0.006786845571568048,5575,31209,0.9668099086282504
timing,1,6,sqrt,24,25,6,"dt_id,dt_id_dev,dt_ratio_q6,hd,dt_bus,pl_popcount,id_rate,bus_rate",8,0.9062074296594546,0.8113198378318338,0.6922104190790389,0.9799390415180087,0.005825122163220288,4785,103931,0.8983341543648538
timing,1,6,all,48,49,6,"dt_id,dt_id_dev,dt_ratio_q6,hd,hd_dev,dt_bus,dlc,pl_popcount,id_rate,bus_rate",10,0.9709277196058014,0.9495099023400627,0.9383745620711407,0.9609126942007405,0.015690700012904138,12889,20809,0.9691875929052524
timing,1,8,sqrt,83,84,8,"dt_id,dt_id_dev,dt_ratio_q6,hd,hd_dev,dt_bus,burst,dlc,pl_popcount,id_rate,bus_rate",11,0.8925676660820232,0.7775375963355855,0.644471361007377,0.9798507832304485,0.005447737028299015,4475,120051,0.8894696021347395
timing,1,8,all,142,143,8,"dt_id,dt_id_dev,dt_ratio_q6,hd,hd_dev,dt_bus,dlc,pl_popcount,id_rate,bus_rate",10,0.9703031029815091,0.9483387412914864,0.935650000444222,0.9613763681675304,0.015452095217921655,12693,21729,0.9718430762886384
timing,3,2,sqrt,9,12,2,"dt_id,dt_id_dev,dt_ratio_q6,hd,id_rate,bus_rate",6,0.8821734933065082,0.746537894787634,0.5956424782849477,0.9998260134715283,4.260799910401465e-05,35,136539,0.8768366446354146
timing,3,2,all,9,12,2,"dt_id,dt_ratio_q6,bus_rate",3,0.9632442449428916,0.9374300560139345,0.9451533898581155,0.9298319217557752,0.029319172869173966,24084,18520,0.9566883585782552
timing,3,3,sqrt,19,22,3,"dt_id,dt_id_dev,dt_ratio_q6,hd,dt_bus,burst,dlc,id_rate,bus_rate",9,0.9514619393656,0.9098183415269058,0.8404709937838534,0.9916385388931983,0.00291316976731163,2393,53868,0.9494940519070219
timing,3,3,all,21,24,3,"dt_id,dt_id_dev,dt_ratio_q6,bus_rate",4,0.9592791372008376,0.9254949377598601,0.8681786009376046,0.9909141611316736,0.003272294331188325,2688,44512,0.9572137612359817
timing,3,4,sqrt,34,37,4,"dt_id,dt_id_dev,dt_ratio_q6,hd,hd_dev,dt_bus,burst,pl_popcount,id_rate,bus_rate",10,0.9565839682308251,0.9230555173310093,0.8939316312720446,0.9541409971519877,0.017661624314315557,14508,35816,0.953220183399174
timing,3,4,all,41,44,4,"dt_id,dt_id_dev,dt_ratio_q6,hd,hd_dev,dt_bus,id_rate,bus_rate",8,0.9657013003931462,0.941392567782718,0.9455828044623581,0.9372393043223013,0.026028617966941062,21381,18375,0.9633494980204657
timing,3,5,sqrt,63,66,5,"dt_id,dt_id_dev,dt_ratio_q6,hd,hd_dev,dt_bus,burst,pl_popcount,id_rate,bus_rate",10,0.9634789075420732,0.935842525317741,0.9143303057135834,0.9583914075959583,0.01631764628543464,13404,28928,0.9620571282646787
timing,3,5,all,76,79,5,"dt_id,dt_id_dev,dt_ratio_q6,hd,hd_dev,dt_bus,dlc,pl_popcount,id_rate,bus_rate",10,0.9683628228875405,0.9435087692272143,0.9069147597203179,0.9831800845008926,0.006377808780169507,5239,31432,0.9666882636779394
timing,3,6,sqrt,105,108,6,"dt_id,dt_id_dev,dt_ratio_q6,hd,hd_dev,dt_bus,burst,dlc,pl_popcount,id_rate,bus_rate",11,0.9700727540330477,0.9478736368841091,0.9340359938282756,0.9621274518776121,0.01511366596789548,12415,22274,0.9667883403746492
timing,3,6,all,140,143,6,"dt_id,dt_id_dev,dt_ratio_q6,hd,hd_dev,dt_bus,dlc,pl_popcount,id_rate,bus_rate",10,0.9709406605579621,0.9495164169440669,0.9380843370282732,0.961230571284647,0.015553137044368318,12776,20907,0.9691522209693464
timing,3,8,sqrt,301,304,8,"dt_id,dt_id_dev,dt_ratio_q6,hd,hd_dev,dt_bus,burst,dlc,pl_popcount,id_rate,bus_rate",11,0.9170536730304518,0.8358746048112312,0.7250473096434674,0.9866963288960895,0.004018543001210067,3301,92843,0.9112544010021474
timing,3,8,all,431,434,8,"dt_id,dt_id_dev,dt_ratio_q6,hd,hd_dev,dt_bus,dlc,pl_popcount,id_rate,bus_rate",10,0.970542941961555,0.9486094262208723,0.9332482401404926,0.9644847627879645,0.014126377760085313,11604,22540,0.9719198592714589
timing,5,2,sqrt,15,20,2,"dt_id,dt_id_dev,dt_ratio_q6,hd,dt_bus,id_rate,bus_rate",7,0.8821743560366522,0.7465402210324125,0.595645439764977,0.9998260143364187,4.260799910401465e-05,35,136538,0.8768366446354146
timing,5,2,all,15,20,2,"dt_id,dt_ratio_q6,bus_rate",3,0.9632416567524594,0.9374261095861843,0.9451563513381448,0.9298212901834878,0.02932404235478585,24088,18519,0.9566883585782552
timing,5,3,sqrt,31,36,3,"dt_id,dt_id_dev,dt_ratio_q6,hd,dt_bus,burst,dlc,pl_popcount,id_rate,bus_rate",10,0.8821778069572285,0.7465448221977659,0.5956424782849477,0.999850864983098,3.6521142089155415e-05,30,136539,0.8768426837464229
timing,5,3,all,35,40,3,"dt_id,dt_id_dev,dt_ratio_q6,bus_rate",4,0.9592808626611257,0.9254992707458597,0.8681963698177801,0.9909009480995759,0.003277163816800212,2692,44506,0.9572163494264139
timing,5,4,sqrt,57,62,4,"dt_id,dt_id_dev,dt_ratio_q6,hd,hd_dev,dt_bus,burst,dlc,pl_popcount,id_rate,bus_rate",11,0.8888398091295829,0.7645180686559581,0.6194172399598423,0.9983961354501799,0.0004090367913985406,336,128511,0.8831664957023098
timing,5,4,all,67,72,4,"dt_id,dt_id_dev,dt_ratio_q6,hd,hd_dev,dt_bus,id_rate,bus_rate",8,0.9657030258534343,0.941396380061148,0.9456005733425337,0.937229405462524,0.02603348745255295,21385,18369,0.9633529489410418
timing,5,5,sqrt,104,109,5,"dt_id,dt_id_dev,dt_ratio_q6,hd,hd_dev,dt_bus,burst,dlc,pl_popcount,id_rate,bus_rate",11,0.9022837329643149,0.7996448004302019,0.6693714850933903,0.9928793263254073,0.001973359044217364,1621,111643,0.900665251214077
timing,5,5,all,124,129,5,"dt_id,dt_id_dev,dt_ratio_q6,hd,hd_dev,dt_bus,dlc,pl_popcount,id_rate,bus_rate",10,0.9684982715201564,0.9438012712973081,0.9080134688111731,0.9825258523173354,0.006638326260405482,5453,31061,0.96686943700819
timing,5,6,sqrt,178,183,6,"dt_id,dt_id_dev,dt_ratio_q6,hd,hd_dev,dt_bus,burst,dlc,pl_popcount,id_rate,bus_rate",11,0.9694179418537138,0.945939845725423,0.9184526859143125,0.975123017183103,0.009631842540313254,7912,27536,0.9675846402976074
timing,5,6,all,231,236,6,"dt_id,dt_id_dev,dt_ratio_q6,hd,hd_dev,dt_bus,dlc,pl_popcount,id_rate,bus_rate",10,0.9710191690010707,0.9496587670054519,0.9383360628307603,0.961258066179839,0.015545832815950487,12770,20822,0.9692057102382774
timing,5,8,sqrt,527,532,8,"dt_id,dt_id_dev,dt_ratio_q6,hd,hd_dev,dt_bus,burst,dlc,pl_popcount,id_rate,bus_rate",11,0.9483733654499008,0.9042766078269842,0.8370682532302344,0.9832194687556527,0.00587259964793619,4824,55017,0.9455901980051954
timing,5,8,all,715,720,8,"dt_id,dt_id_dev,dt_ratio_q6,hd,hd_dev,dt_bus,dlc,pl_popcount,id_rate,bus_rate",10,0.9705300010093942,0.9485392151397963,0.932315373931276,0.9653376998509742,0.01376116633919376,11304,22855,0.9719931913337032
timing,7,2,sqrt,21,28,2,"dt_id,dt_id_dev,dt_ratio_q6,hd,dt_bus,id_rate,bus_rate",7,0.8821726305763641,0.7465355685342212,0.5956395168049184,0.9998260126066294,4.260799910401465e-05,35,136540,0.8768323309846943
timing,7,2,all,21,28,2,"dt_id,dt_ratio_q6,bus_rate",3,0.9632442449428916,0.9374300560139345,0.9451533898581155,0.9298319217557752,0.029319172869173966,24084,18520,0.9566883585782552
timing,7,3,sqrt,44,51,3,"dt_id,dt_id_dev,dt_ratio_q6,hd,dt_bus,burst,dlc,pl_popcount,id_rate,bus_rate",10,0.8821717678462201,0.7465275973423406,0.5956187864447136,0.999855829700076,3.530377068618356e-05,29,136547,0.8768340564449824
timing,7,3,all,49,56,3,"dt_id,dt_id_dev,dt_ratio_q6,bus_rate",4,0.9592834508515578,0.9255036533911267,0.8681963698177801,0.9909109960385598,0.0032735117025912966,2689,44506,0.9572163494264139
timing,7,4,sqrt,82,89,4,"dt_id,dt_id_dev,dt_ratio_q6,hd,hd_dev,dt_bus,burst,dlc,pl_popcount,id_rate,bus_rate",11,0.9332220986600939,0.8713395954501859,0.7762098386289532,0.9930438208973319,0.002235093895856311,1836,75567,0.9318149857951482
timing,7,4,all,95,102,4,"dt_id,dt_id_dev,dt_ratio_q6,hd,hd_dev,dt_bus,id_rate,bus_rate",8,0.9657064767740104,0.9414019311564826,0.9456005733425337,0.9372404096500833,0.026028617966941062,21381,18369,0.9633529489410418
timing,7,5,sqrt,152,159,5,"dt_id,dt_id_dev,dt_ratio_q6,hd,hd_dev,dt_bus,burst,dlc,pl_popcount,id_rate,bus_rate",11,0.9634280064635743,0.9337179757800346,0.8842446300963369,0.9890554712706121,0.004022195115418983,3304,39087,0.9614980791313342
timing,7,5,all,176,183,5,"dt_id,dt_id_dev,dt_ratio_q6,hd,hd_dev,dt_bus,dlc,pl_popcount,id_rate,bus_rate",10,0.9683050199678892,0.9435079852749868,0.9085583811365568,0.9812539780523456,0.007135013792817996,5861,30877,0.966940180880002
timing,7,6,sqrt,261,268,6,"dt_id,dt_id_dev,dt_ratio_q6,hd,hd_dev,dt_bus,burst,dlc,pl_popcount,id_rate,bus_rate",11,0.968353332855956,0.9435956576559953,0.9086679558976394,0.9813158239811175,0.0071118837361615304,5842,30840,0.9665873242510855
timing,7,6,all,326,333,6,"dt_id,dt_id_dev,dt_ratio_q6,hd,hd_dev,dt_bus,dlc,pl_popcount,id_rate,bus_rate",10,0.9708819949081667,0.9494416274070689,0.9385137516325158,0.9606269854742101,0.015812437153201322,12989,20762,0.9692177884602942
timing,7,8,sqrt,754,761,8,"dt_id,dt_id_dev,dt_ratio_q6,hd,hd_dev,dt_bus,burst,dlc,pl_popcount,id_rate,bus_rate",11,0.9502981164012765,0.9079577190257994,0.8415015888340357,0.9858103865195202,0.004979049038154854,4090,53520,0.9474726751795126
timing,7,8,all,1006,1013,8,"dt_id,dt_id_dev,dt_ratio_q6,hd,hd_dev,dt_bus,dlc,pl_popcount,id_rate,bus_rate",10,0.9706507832295612,0.948718605804525,0.9319185356073552,0.9661355193270087,0.013427606574779474,11030,22989,0.9720475433327783
timing,9,2,sqrt,27,36,2,"dt_id,dt_id_dev,dt_ratio_q6,hd,dt_bus,id_rate,bus_rate",7,0.882170042385932,0.7465229446677728,0.5956128634846551,0.9998558282666083,3.530377068618356e-05,29,136549,0.8768340564449824
timing,9,2,all,27,36,2,"dt_id,dt_ratio_q6,bus_rate",3,0.9632416567524594,0.9374259257899413,0.9451533898581155,0.929823794706849,0.02932282498338288,24087,18520,0.9566874958481112
timing,9,3,sqrt,56,65,3,"dt_id,dt_id_dev,dt_ratio_q6,hd,dt_bus,burst,dlc,pl_popcount,id_rate,bus_rate",10,0.9353478657350331,0.8759680299772754,0.783684614222804,0.9928861407313467,0.002308136180034622,1896,73043,0.9323723094682045
timing,9,3,all,63,72,3,"dt_id,dt_id_dev,dt_ratio_q6,bus_rate",4,0.9592808626611257,0.9254992707458597,0.8681963698177801,0.9909009480995759,0.003277163816800212,2692,44506,0.9572154866962698
timing,9,4,sqrt,106,115,4,"dt_id,dt_id_dev,dt_ratio_q6,hd,hd_dev,dt_bus,burst,dlc,pl_popcount,id_rate,bus_rate",11,0.9378834296283962,0.8818288948047387,0.7955808795003391,0.9890507589731129,0.003620462552438273,2974,69026,0.9365108259692126
timing,9,4,all,123,132,4,"dt_id,dt_id_dev,dt_ratio_q6,hd,hd_dev,dt_bus,id_rate,bus_rate",8,0.9657030258534343,0.9413962072788169,0.9455976118625044,0.9372319722439922,0.02603227008114998,21384,18370,0.9633520862108979
timing,9,5,sqrt,195,204,5,"dt_id,dt_id_dev,dt_ratio_q6,hd,hd_dev,dt_bus,burst,dlc,pl_popcount,id_rate,bus_rate",11,0.9657047513137224,0.9387929813324136,0.902830878759969,0.9777388638193195,0.00844977490802759,6941,32811,0.9634806330023613
timing,9,5,all,228,237,5,"dt_id,dt_id_dev,dt_ratio_q6,hd,hd_dev,dt_bus,dlc,pl_popcount,id_rate,bus_rate",10,0.968302431777457,0.9435036327989851,0.9085583811365568,0.9812445627142931,0.007138665907026911,5864,30877,0.966939318149858
timing,9,6,sqrt,338,347,6,"dt_id,dt_id_dev,dt_ratio_q6,hd,hd_dev,dt_bus,burst,dlc,pl_popcount,id_rate,bus_rate",11,0.9704445907251333,0.9475981864793592,0.917315477583077,0.9799485584664982,0.007715699952035567,6338,27920,0.969335982490029
timing,9,6,all,420,429,6,"dt_id,dt_id_dev,dt_ratio_q6,hd,hd_dev,dt_bus,dlc,pl_popcount,id_rate,bus_rate",10,0.9710623055082731,0.9497131994231006,0.9380073385475125,0.9617149190059057,0.015349836020072019,12609,20933,0.9692039847779893
timing,9,8,sqrt,979,988,8,"dt_id,dt_id_dev,dt_ratio_q6,hd,hd_dev,dt_bus,burst,dlc,pl_popcount,id_rate,bus_rate",11,0.9702056144752315,0.9473379232522854,0.9199097340887081,0.9764519860679752,0.009119329179662107,7491,27044,0.9689175583701647
timing,9,8,all,1296,1305,8,"dt_id,dt_id_dev,dt_ratio_q6,hd,hd_dev,dt_bus,burst,dlc,pl_popcount,id_rate,bus_rate",11,0.9707689772592961,0.9489302821932757,0.9322206065703396,0.9662499194234092,0.013384998575675459,10995,22887,0.972126914506031
paper,1,2,sqrt,3,4,2,"dt_id_dev,hd_dev",2,0.8821812578778047,0.7465475419389442,0.5956335938448599,0.99988565746955,2.7999542268352482e-05,23,136542,0.8768202527626776
paper,1,2,all,3,4,2,"dt_id_dev,hd_dev",2,0.8821812578778047,0.7465475419389442,0.5956335938448599,0.99988565746955,2.7999542268352482e-05,23,136542,0.8768202527626776
paper,1,3,sqrt,6,7,3,"dt_id_dev,hd_dev",2,0.8821812578778047,0.7465475419389442,0.5956335938448599,0.99988565746955,2.7999542268352482e-05,23,136542,0.8768202527626776
paper,1,3,all,6,7,3,"dt_id_dev,hd_dev",2,0.8821812578778047,0.7465475419389442,0.5956335938448599,0.99988565746955,2.7999542268352482e-05,23,136542,0.8768202527626776
paper,1,4,sqrt,12,13,4,"dt_id_dev,hd_dev",2,0.8821812578778047,0.7465475419389442,0.5956335938448599,0.99988565746955,2.7999542268352482e-05,23,136542,0.8768202527626776
paper,1,4,all,12,13,4,"dt_id_dev,hd_dev",2,0.8821812578778047,0.7465475419389442,0.5956335938448599,0.99988565746955,2.7999542268352482e-05,23,136542,0.8768202527626776
paper,1,5,sqrt,19,20,5,"dt_id_dev,hd_dev",2,0.8821812578778047,0.7465475419389442,0.5956335938448599,0.99988565746955,2.7999542268352482e-05,23,136542,0.8768202527626776
paper,1,5,all,20,21,5,"dt_id_dev,hd_dev",2,0.8821812578778047,0.7465475419389442,0.5956335938448599,0.99988565746955,2.7999542268352482e-05,23,136542,0.8768202527626776
paper,1,6,sqrt,38,39,6,"dt_id_dev,hd_dev",2,0.8821812578778047,0.7465475419389442,0.5956335938448599,0.99988565746955,2.7999542268352482e-05,23,136542,0.8768202527626776
paper,1,6,all,30,31,6,"dt_id_dev,hd_dev",2,0.8821812578778047,0.7465475419389442,0.5956335938448599,0.99988565746955,2.7999542268352482e-05,23,136542,0.8768202527626776
paper,1,8,sqrt,58,59,8,"dt_id_dev,hd_dev",2,0.8821812578778047,0.7465475419389442,0.5956335938448599,0.99988565746955,2.7999542268352482e-05,23,136542,0.8768202527626776
paper,1,8,all,55,56,8,"dt_id_dev,hd_dev",2,0.8821812578778047,0.7465475419389442,0.5956335938448599,0.99988565746955,2.7999542268352482e-05,23,136542,0.8768202527626776
paper,3,2,sqrt,9,12,2,"dt_id_dev,hd_dev",2,0.6978313552369014,0.48407733382434176,0.48661262952773277,0.481568319431663,0.21534326221449598,176892,173355,0.7077260072590115
paper,3,2,all,9,12,2,"dt_id_dev,hd_dev",2,0.8821821206079486,0.7465508089870124,0.5956395168049184,0.9998806878346334,2.921691367132433e-05,24,136540,0.8768219782229657
paper,3,3,sqrt,20,23,3,"dt_id_dev,hd_dev",2,0.7794197449597148,0.539772655680458,0.4440265467069823,0.6881620738401659,0.08271064786071324,67942,187735,0.7708968338666443
paper,3,3,all,18,21,3,"dt_id_dev,hd_dev",2,0.8821821206079486,0.7465508089870124,0.5956395168049184,0.9998806878346334,2.921691367132433e-05,24,136540,0.8768219782229657
paper,3,4,sqrt,40,43,4,"dt_id_dev,hd_dev",2,0.8775794552894417,0.7340239886186207,0.5798637126890535,0.9998365963009488,3.8955884895099106e-05,32,141867,0.8716093626926152
paper,3,4,all,34,37,4,"dt_id_dev,hd_dev",2,0.8821821206079486,0.7465508089870124,0.5956395168049184,0.9998806878346334,2.921691367132433e-05,24,136540,0.8768219782229657
paper,3,5,sqrt,72,75,5,"dt_id_dev,hd_dev",2,0.8821795324175166,0.7465466524381756,0.5956395168049184,0.9998657758157847,3.286902788023987e-05,27,136540,0.8768254291435419
paper,3,5,all,56,59,5,"dt_id_dev,hd_dev",2,0.8821821206079486,0.7465508089870124,0.5956395168049184,0.9998806878346334,2.921691367132433e-05,24,136540,0.8768219782229657
paper,3,6,sqrt,135,138,6,"dt_id_dev,hd_dev",2,0.8821769442270844,0.7465424959356233,0.5956395168049184,0.9998508642417192,3.6521142089155415e-05,30,136540,0.8768254291435419
paper,3,6,all,84,87,6,"dt_id_dev,hd_dev",2,0.8821821206079486,0.7465508089870124,0.5956395168049184,0.9998806878346334,2.921691367132433e-05,24,136540,0.8768219782229657
paper,3,8,sqrt,228,231,8,"dt_id_dev,hd_dev",2,0.8821769442270844,0.7465471997149421,0.5956543242050647,0.9998260169310381,4.260799910401465e-05,35,136535,0.87682715460383
paper,3,8,all,160,163,8,"dt_id_dev,hd_dev",2,0.8821821206079486,0.7465508089870124,0.5956395168049184,0.9998806878346334,2.921691367132433e-05,24,136540,0.8768219782229657
paper,5,2,sqrt,15,20,2,"dt_id_dev,hd_dev",2,0.8821812578778047,0.7465475419389442,0.5956335938448599,0.99988565746955,2.7999542268352482e-05,23,136542,0.8768237036832538
paper,5,2,all,15,20,2,"dt_id_dev,hd_dev",2,0.8821760814969404,0.7465448734960666,0.5956513627250355,0.9998260160661735,4.260799910401465e-05,35,136536,0.8768245664133979
paper,5,3,sqrt,34,39,3,"dt_id_dev,hd_dev",2,0.8821821206079486,0.7465517497364631,0.5956424782849477,0.9998757177301086,3.0434285074296177e-05,25,136539,0.8768219782229657
paper,5,3,all,30,35,3,"dt_id_dev,hd_dev",2,0.8821760814969404,0.7465448734960666,0.5956513627250355,0.9998260160661735,4.260799910401465e-05,35,136536,0.8768245664133979
paper,5,4,sqrt,64,69,4,"dt_id_dev,hd_dev",2,0.8821769442270844,0.7465462589730456,0.5956513627250355,0.999830986195549,4.13906277010428e-05,34,136536,0.8768254291435419
paper,5,4,all,56,61,4,"dt_id_dev,hd_dev",2,0.8821760814969404,0.7465448734960666,0.5956513627250355,0.9998260160661735,4.260799910401465e-05,35,136536,0.8768245664133979
paper,5,5,sqrt,119,124,5,"dt_id_dev,hd_dev",2,0.8821760814969404,0.7465448734960666,0.5956513627250355,0.9998260160661735,4.260799910401465e-05,35,136536,0.8768254291435419
paper,5,5,all,93,98,5,"dt_id_dev,hd_dev",2,0.8821760814969404,0.7465448734960666,0.5956513627250355,0.9998260160661735,4.260799910401465e-05,35,136536,0.8768245664133979
paper,5,6,sqrt,208,213,6,"dt_id_dev,hd_dev",2,0.8821760814969404,0.7465448734960666,0.5956513627250355,0.9998260160661735,4.260799910401465e-05,35,136536,0.8768280173339741
paper,5,6,all,139,144,6,"dt_id_dev,hd_dev",2,0.8821760814969404,0.7465448734960666,0.5956513627250355,0.9998260160661735,4.260799910401465e-05,35,136536,0.8768245664133979
paper,5,8,sqrt,363,368,8,"dt_id_dev,hd_dev",2,0.8821769442270844,0.7465471997149421,0.5956543242050647,0.9998260169310381,4.260799910401465e-05,35,136535,0.87682715460383
paper,5,8,all,269,274,8,"dt_id_dev,hd_dev",2,0.8821760814969404,0.7465448734960666,0.5956513627250355,0.9998260160661735,4.260799910401465e-05,35,136536,0.8768245664133979
paper,7,2,sqrt,21,28,2,"dt_id_dev,hd_dev",2,0.8488376005404141,0.649684101087652,0.48116054479386616,0.9998892246339798,2.1912685253493248e-05,18,175196,0.8436594942158258
paper,7,2,all,21,28,2,"dt_id_dev,hd_dev",2,0.8821760814969404,0.7465448734960666,0.5956513627250355,0.9998260160661735,4.260799910401465e-05,35,136536,0.876826291873686
paper,7,3,sqrt,48,55,3,"dt_id_dev,hd_dev",2,0.8821821206079486,0.7465517497364631,0.5956424782849477,0.9998757177301086,3.0434285074296177e-05,25,136539,0.8768237036832538
paper,7,3,all,42,49,3,"dt_id_dev,hd_dev",2,0.8821760814969404,0.7465448734960666,0.5956513627250355,0.9998260160661735,4.260799910401465e-05,35,136536,0.876826291873686
paper,7,4,sqrt,93,100,4,"dt_id_dev,hd_dev",2,0.8821769442270844,0.7465462589730456,0.5956513627250355,0.999830986195549,4.13906277010428e-05,34,136536,0.8768254291435419
paper,7,4,all,76,83,4,"dt_id_dev,hd_dev",2,0.8821760814969404,0.7465448734960666,0.5956513627250355,0.9998260160661735,4.260799910401465e-05,35,136536,0.876826291873686
paper,7,5,sqrt,174,181,5,"dt_id_dev,hd_dev",2,0.8821760814969404,0.7465448734960666,0.5956513627250355,0.9998260160661735,4.260799910401465e-05,35,136536,0.8768254291435419
paper,7,5,all,127,134,5,"dt_id_dev,hd_dev",2,0.8821760814969404,0.7465448734960666,0.5956513627250355,0.9998260160661735,4.260799910401465e-05,35,136536,0.876826291873686
paper,7,6,sqrt,304,311,6,"dt_id_dev,hd_dev",2,0.8821760814969404,0.7465448734960666,0.5956513627250355,0.9998260160661735,4.260799910401465e-05,35,136536,0.8768280173339741
paper,7,6,all,198,205,6,"dt_id_dev,hd_dev",2,0.8821760814969404,0.7465448734960666,0.5956513627250355,0.9998260160661735,4.260799910401465e-05,35,136536,0.876826291873686
paper,7,8,sqrt,516,523,8,"dt_id_dev,hd_dev",2,0.8821760814969404,0.7465448734960666,0.5956513627250355,0.9998260160661735,4.260799910401465e-05,35,136536,0.87682715460383
paper,7,8,all,381,388,8,"dt_id_dev,hd_dev",2,0.8821760814969404,0.7465448734960666,0.5956513627250355,0.9998260160661735,4.260799910401465e-05,35,136536,0.876826291873686
paper,9,2,sqrt,27,36,2,"dt_id_dev,hd_dev",2,0.8821812578778047,0.7465475419389442,0.5956335938448599,0.99988565746955,2.7999542268352482e-05,23,136542,0.8768219782229657
paper,9,2,all,27,36,2,"dt_id_dev,hd_dev",2,0.8821760814969404,0.7465448734960666,0.5956513627250355,0.9998260160661735,4.260799910401465e-05,35,136536,0.876826291873686
paper,9,3,sqrt,61,70,3,"dt_id_dev,hd_dev",2,0.8821760814969404,0.7465448734960666,0.5956513627250355,0.9998260160661735,4.260799910401465e-05,35,136536,0.8768254291435419
paper,9,3,all,54,63,3,"dt_id_dev,hd_dev",2,0.8821760814969404,0.7465448734960666,0.5956513627250355,0.9998260160661735,4.260799910401465e-05,35,136536,0.876826291873686
paper,9,4,sqrt,122,131,4,"dt_id_dev,hd_dev",2,0.8821760814969404,0.7465448734960666,0.5956513627250355,0.9998260160661735,4.260799910401465e-05,35,136536,0.876826291873686
paper,9,4,all,98,107,4,"dt_id_dev,hd_dev",2,0.8821760814969404,0.7465448734960666,0.5956513627250355,0.9998260160661735,4.260799910401465e-05,35,136536,0.876826291873686
paper,9,5,sqrt,223,232,5,"dt_id_dev,hd_dev",2,0.8821760814969404,0.7465448734960666,0.5956513627250355,0.9998260160661735,4.260799910401465e-05,35,136536,0.876826291873686
paper,9,5,all,164,173,5,"dt_id_dev,hd_dev",2,0.8821760814969404,0.7465448734960666,0.5956513627250355,0.9998260160661735,4.260799910401465e-05,35,136536,0.876826291873686
paper,9,6,sqrt,367,376,6,"dt_id_dev,hd_dev",2,0.8821760814969404,0.7465448734960666,0.5956513627250355,0.9998260160661735,4.260799910401465e-05,35,136536,0.87682715460383
paper,9,6,all,257,266,6,"dt_id_dev,hd_dev",2,0.8821760814969404,0.7465448734960666,0.5956513627250355,0.9998260160661735,4.260799910401465e-05,35,136536,0.876826291873686
paper,9,8,sqrt,647,656,8,"dt_id_dev,hd_dev",2,0.8821760814969404,0.7465448734960666,0.5956513627250355,0.9998260160661735,4.260799910401465e-05,35,136536,0.876826291873686
paper,9,8,all,497,506,8,"dt_id_dev,hd_dev",2,0.8821760814969404,0.7465448734960666,0.5956513627250355,0.9998260160661735,4.260799910401465e-05,35,136536,0.876826291873686
